feature_0,feature_1,feature_2,feature_3
1.8859897557288083,0.6693253052447447,-0.19509384993524842,-0.7622717213895515
-0.8681834693300632,-0.07633777894522803,0.26288831061717827,-0.16935310735580708
0.6974874805208351,-0.00800443326118222,-0.06235875100728264,-0.0542657889200812
0.8062068119636012,-0.12864353563827818,-0.23620611815984413,-0.19855013872225208
-0.4341147907523646,0.2435917812532676,0.320092559611664,-0.047823152865162005
-0.3734826737058799,0.24969737753319374,-0.13426528524121245,-0.10281606646651255
0.5082891551218393,0.030670093263763826,-0.021820856505539568,0.41372288216590536
0.3518339108598625,0.24449119359333116,-0.10214937980982679,0.05695546730069894
0.4979203302394592,0.1423881120213304,-0.2638925552826099,0.13047100882540102
-0.5395295505870213,0.20488258162151413,-0.14554434338495664,-0.2268654506306965
-0.9390041328956269,-0.10564336039498412,0.03688490220581778,-0.08109915977722656
-0.8285130044208571,0.0190389449788258,-0.05785458393210903,-0.24193989549338293
-0.6528679961497953,0.15305048901256174,0.08186586790903855,-0.07907174754057382
-0.6055507913738973,0.13565764712942638,-0.06744107848175768,0.24286314235383205
0.6170584349991293,-0.8161627898620494,0.14412129141322177,-0.0739963283804242
0.6743509257925508,-0.03138360128803558,1.1699914109091756,-0.5891881703911759
-0.8781443167662027,-0.04258677638772329,0.022166826950970508,0.39798243827512503
-0.7514093411080207,-0.037639759431102426,-0.26909359545122924,0.0031078664416123968
0.8175663637369881,-1.4060870780555472,0.3408197237831896,-0.8558162831914361
0.8097020306052135,0.3908402332690199,0.07831791302692158,0.2736629929597025
0.5346015682149369,0.3142351888791209,0.6833831074122396,0.35099288537103995
-0.8006967584395741,-0.07570242306123043,0.10637310931518446,0.585678374406672
0.5827418045355179,-0.06698202672877801,0.3106518206857557,0.08349407335430845
0.8072637062098453,-0.04252220358940423,0.6019740339153115,-0.17154316037210363
0.9084061902021169,-1.3607548866589,0.08987966534510315,-0.8801332378708289
0.5229921753426382,-0.05052553898588136,-0.6262949393006993,-0.17569961707226447
0.7557210679786426,-0.0894993710595619,0.08224986004262802,0.133942589776117
-0.6355186633931846,0.10195675920436328,-0.1798276532215061,0.14053859645127556
-0.5961087138664358,0.178659296634977,-0.012108244102871115,0.10309325876322761
-0.6938160134563032,0.09154690724562004,0.09449853609884126,0.35830480865983316
-0.9838654046141124,-0.2714323178008685,0.09048437537668921,0.4225091092718261
0.6092214168280883,0.07670768087773497,-0.053425876607862896,-0.07618365221897408
-0.7131767117335115,0.06855101810417819,-0.06922470803933281,-0.377723951899852
1.0370547724769124,0.30511911630402194,-0.559589290322573,-0.32412218756675015
-0.6140035279470833,0.14338983792347113,-0.013377168814053441,-0.3531719561382719
0.9319596842666003,1.4611064138700696,0.38831333611663055,-0.0959346556126137
0.5503487692205522,-0.5530722366156089,0.49399515017463685,0.40686615346591715
0.4841753032300484,0.1454406550935999,-0.003965544253399993,0.09888456901728752
-0.7583137727616278,-0.09570130339848226,-0.4229566618676424,-0.2853358686190432
-0.44055191046818465,0.2636770094679641,0.1182904664847443,-0.2834058257726821
0.9954530916254697,-0.32757217310423503,0.735053624292051,-0.015936481279496588
-0.5214562738815862,0.16695239431095804,-0.06073095092730557,0.27530263797642757
0.6718693267813453,-1.4215325979555198,-0.41338695381142515,-0.5903312891831558
1.920214396099152,1.319275670329167,-0.39627714568889455,0.14515648860234198
0.1713533801973397,-0.9011649748387232,0.13199120534445458,-0.5887830841219887
-0.6033686859941347,0.1630670118392277,0.11180735512303834,0.11737230446767943
0.48074326376867704,0.33237036294181616,-0.3056855420182055,0.2872615084534684
3.2197131856142795,0.8809607591302637,-0.5181529389705558,0.20994653319711573
-0.4673084766171729,-0.782702826305492,1.21303989623533,-0.09811012387078397
1.6444493725614124,2.103282418188598,-0.31133176781634775,0.392011207835834
-0.6628582177499852,-0.3097705236708743,-0.17975791791459736,0.168200564420795
0.0397562503568461,0.41060604722404614,-0.4352872289185113,0.058643406162999435
-0.6301518634669898,0.17304964131483633,0.07287621370227566,-0.03731700523550382
-0.7481160824895228,0.05042506590743506,0.2690057459665737,-0.1791192614347682
-0.6705283969720115,0.07984252926625174,-0.140754424362624,0.12349988934940712
-0.8794042063272561,-0.08871931327041466,0.30749098256527235,0.36687680881426393
-0.8815913348925593,-0.1852523778485758,-0.06812350654307912,0.44429954152276063
0.3654102854191694,0.18646629293227296,-0.14736895034703196,-0.08125294385511453
0.16960276160922927,0.9512667504740651,0.9344056716984537,-0.11434326418474954
-0.9995765643820124,-0.2871750032531589,0.35792538033998605,0.5573973955844084
-0.545378915559225,0.1770669814648875,-0.04665602320141329,-0.3355287781998321
0.6121462741513821,-0.05184601777111117,-0.39538709608332534,0.05822340464708076
-0.40439985984943644,0.26861373034741537,0.07430713225680766,-0.20232372209737023
0.717398385617136,-0.07524866737665842,-0.23020845654853117,-0.22188745899464973
-0.6193363046920156,0.14777949988350444,0.13061983320307963,0.14308854812528013
0.7654722150099698,-0.0567021956857236,-0.1164138267330612,-0.16760588918991529
-0.5866715706570959,0.11403591467693511,-0.20610402772679098,0.17530554389384034
-0.7752240920833477,0.02381848375067136,0.0853165112356895,-0.30054932634994863
0.6017558248037684,0.04891742973277585,-0.18849666671412166,0.05022060324381172
-1.046934694136462,0.2585373145124786,-0.32096422761801796,0.07466860536420396
-0.6221333478268529,0.1354767986850313,-0.11571882287629996,-0.3145393120130931
0.2848705824305029,-0.38512777967724215,0.3221614618725986,-0.04929709832733524
0.09919329780601657,0.24385131985025915,-0.07684228814762106,-0.3824517986575485
0.6352938463240059,0.08497017697032772,-0.08755038087226553,-0.1341844424377576
-0.4460026832318152,0.24097491794650616,0.20719554452270433,-0.273538537961533
-0.640056464544825,0.10153417026741499,-0.19650375982904456,0.003410434379953171
0.6531243816415211,0.041759052958065146,-0.19768364227114835,-0.1698786788272722
-0.6944470090514502,0.10996817918709215,0.06320384415215204,-0.3683080633064916
0.7393904627513006,0.038126943217326514,-0.3638049582010576,-0.1107523523289003
-0.4703194331238292,0.22721537586826476,-0.11578556914873925,-0.20766561624658367
0.5058511762303443,-0.36527444954408056,0.08125769151835723,0.24477981908064333
-0.738748685817141,0.03908687838060476,0.24860701645308633,0.3285827775620015
-0.5798482248571355,0.1619650273332573,-0.06622318851675857,-0.3567696973509808
-0.5878373302808209,0.184020900654597,-0.0025088501712009197,0.12359325766588848
0.6107272904735327,0.0877672387521819,-0.01082895655503982,-0.04894349917308839
-0.894532063783692,-0.13348630284146812,0.3572146879001922,-0.02206783215068891
0.29302629766554555,-0.6576148196884984,-0.13292082022678142,0.23637394400557454
0.8769638589653764,0.14360251270230734,-0.18899179793603685,-0.2767414959601447
0.7233929347879031,-0.07770350038720558,-0.17119369137229098,0.23662566741688743
-0.7659280932857181,-0.02118617765570463,-0.17660074909987655,0.0448856334803783
0.4893359268457801,-0.5439315106847998,0.543059171442058,0.8084013075202621
-0.10955311105438824,-0.27738432758627873,0.011561524309121628,-0.035387790108196274
-0.7199766969235534,0.10005172547293523,-0.04617048916219773,-0.22756310667588556
0.6642953564662873,-0.010472184366917436,-0.2205879725389059,-0.23318994606793852
-0.5436274933662326,0.18474205564897428,0.33864496440346975,0.061332123312638494
-0.7583124367753102,0.05739575622015636,-0.10289153564454753,-0.24341574411226474
0.7156474348288487,-0.06539819385909512,-0.16966166116719197,0.10572095010505468
0.8573736029870899,0.835593525782067,0.050711311789633,0.6204179965111604
-0.96349497433171,-0.26416880831409906,0.42073229473636087,0.5975052326191045
0.5593792755737341,0.10494444524048557,-0.17813670446680474,-0.1596734272936946
-0.597725732646178,0.11540172867805745,-0.19453457733647306,0.18916361985190108
-0.5781564980611653,0.17077761141641404,-0.13984521368602018,-0.15755840340163724
-0.8454473132296212,-0.051897985054019935,0.3438844528217718,0.3640072350435543
0.30662948887699054,-0.9606980355574973,1.0653651562538213,-0.14061366409534443
0.8072149925534748,-0.11885732526032022,-0.06437484393721765,-0.1122684929506715
-0.5648707767769555,0.189602929479283,-0.15086839243010372,-0.29238848457631716
0.0359725115002511,-0.8149697286600284,1.205183539078714,-0.48593815223275943
0.7387595946684024,-0.028056520892290215,-0.1509086517169237,-0.1917269157612416
0.6074994887721394,0.0895480372883766,-0.06635632567945342,-0.09062849604706451
0.7361638979409383,-0.05103599214938492,-0.1891075563853934,-0.12839200166819625
-0.05484279676387055,0.5946004786499468,-0.08190048692666296,-0.3722365893797655
-0.7426660966706853,0.07387281192175105,0.0721502592680706,-0.03417297324032517
0.788543415110696,-0.2436617025066058,0.0345818948992591,-0.1137313456406936
-0.8653615548277248,-0.38465623696659845,0.31311663772407505,0.9788070644767609
-0.6402676978533277,0.07149258162955707,0.4944039382454735,0.25032358462679577
0.537503408865382,0.08904302427391805,-0.18995517911474377,-0.0038649190022188866
0.7387000532949608,0.01990424304266153,-0.2553743252603177,-0.004209163714407381
0.7077473246150581,-0.03050565840214059,-0.0041926209151889535,0.12930920719792532
0.4392154222731456,0.20158748432996743,0.2772241726262964,-0.45054791448299636
-0.6045049774086597,0.09268866262116116,-0.3382466863153904,-0.19836408367260686
-0.5610681419267415,0.18016043874831444,0.327079130544346,0.08867640715268275
-0.9691517007252274,-0.2581157933505146,-0.07245023887019164,-0.14201830351101508
-0.6131046766135374,0.15115030559611925,0.11209784350881351,0.1534697315289069
0.632470215645956,0.2080947133877614,-0.10111172576753988,0.19500926524580448
-0.8448770189062191,-0.06471120533117897,0.07817056740535083,0.4335147890135633
-0.9220364688521259,-0.3617940997756342,0.45855554068850685,0.9489400341531488
-0.64797597909074,0.1364511883850022,-0.18717694580415192,-0.11821729366098513
0.7032111218214632,-0.07959858864943065,-0.2012410630394108,0.000419886241703752
0.36117188809652456,0.5981189759035339,0.1390984907546888,0.25330098753492175
-0.5990877433308888,0.18361194392236352,-0.009751761726076865,0.1024732168026386
-0.5498079526301924,0.20635491195591354,0.04773503034349756,-0.2813439858583368
-0.7007690006515528,0.05341824397758976,-0.26034985039015335,-0.23494002384608265
-0.5005314237146152,0.1623877081599853,-0.0023469090397821397,0.23803356428523625
-0.00719425378970584,0.27323217021705537,-0.20033083890661715,-0.008543902427951354
0.918767482890567,-0.3736694326236135,0.17897101870523136,0.28193632208695646
0.809009874469571,-0.17399677215683668,-0.11944800228266839,-0.039080518056888704
0.7964586629226329,-1.6315302290876699,-0.3247075647477032,-0.5940667063053023
-0.46736953010698223,-1.0082351552418174,-0.8048924742995982,0.5333644317052146
0.6793085535471756,0.029299737482096022,0.054481611780678785,-0.13860924019554394
-0.7101759207487488,0.017650788272041917,-0.19081479752189187,0.14983591891128056
-0.5731484677271339,0.17805494762529317,-0.0841819491810318,0.14295665499497667
-0.9696837141234925,-0.32183204762616924,-0.12910384496256366,0.010719335399117652
-0.7544343076154214,-0.04095946159405345,-0.2736790766128174,0.013876640577636514
-0.5882349068562908,0.18585089589075932,-0.010630708326004672,0.08869566250886352
-0.6603901772753841,0.14062184099980535,-0.09528812412830567,-0.17028833968915616
-0.6198523253530792,-0.011052379487755337,-0.29393072243383644,0.3233457499616064
0.8168212058585651,-1.6535995967547976,-0.1921852633499677,-0.1701825191174991
-0.7508957237406103,-0.042495431349368895,-0.09135478184555759,0.3784869248955328
0.3908841191129888,0.15370642950594227,-0.34427413900708886,-0.436801223488887
-0.7448127671804244,0.06151984566941676,0.05461687774487962,-0.41163873816177116
0.7156206676119208,0.5378246820165368,-0.4602563343648866,-0.02742837346413312
-0.6581343072705039,0.14508342731833543,-0.048713440888723016,-0.28811244263548225
-0.6381721612165172,0.15692317690796664,-0.14697292775529247,-0.16029116191747111
0.9295485228637937,-1.445499075115869,-0.2443927071131002,-0.6751278428933157
1.0727036126026879,-0.5632292864366253,0.3413822254456894,0.29445499764850186
0.6859498028314002,0.0690161010690139,0.11729150507380814,-0.09504364296977713
-1.000642448866889,-0.2892714347191467,0.3432753240602665,0.5633501581763892
-0.8130742547663496,-0.037908739626454635,-0.28656996041181393,0.00688023968102086
0.3609358929388641,0.2448357501061482,-0.032219845670637945,-0.4795773874067897
0.5980319602819832,0.1349045871090724,-0.08318565890405105,-0.06128972143908606
0.21062594301126747,0.6671452034879412,0.17915312682663015,0.2997910818436954
-0.5346399867171938,0.151586553705703,-0.06773210367079607,0.29737959670240655
-0.398093360281641,0.2213158525929947,-0.16622931089445583,0.036963176312039096
1.0669148123118444,1.049353484651871,0.49435331436892155,-0.5418304945059065
-0.9994384011341426,-0.28674363685817505,0.35515790934667657,0.5581725720322284
-0.6702319018070158,0.08118306794241031,-0.14775535029588366,0.10468391281929011
-0.7187902678211584,0.06761424450229525,-0.05559921765578195,-0.37473484429685217
-0.8673960161287197,-0.12967392093346936,-0.21956883997993043,-0.4964057959095335
-0.604632386993708,0.09783008680510594,-0.1492144983979179,-0.12952586144752185
-0.9868305279036247,-0.2736145274795983,0.3753426274546175,0.557574010349431
0.2411849641235622,-0.15893428830146766,0.014874589778691478,-0.16515615130170574
0.3973812086777404,0.2274447982690096,0.001118593897403577,-0.0120651646829661
-0.6420349733565816,0.14023253771923988,0.027251395110900883,0.11324134313652363
0.6049933674999237,1.5078219251950284,-0.20674066812849445,-0.12891204889976748
-0.5913795112851095,0.18402146188246435,-0.011427050459629334,0.10397615904161124
-0.6281426421785805,-0.4559512741387135,0.11092441870322894,0.050349452371312914
-0.4949473916855043,0.31525448472143563,1.7347501599694477,-0.6720873567931617
0.21385392672427928,0.2626470263183951,-0.41242722008218446,-0.4839593503241077
-0.434567570657333,0.221816302662453,-0.2062472561058491,-0.22506608949293555
-0.9683689916772327,-0.24705463301794983,0.40806294804385557,0.5924871318226521
0.7121528166996927,-0.0050213989646409884,-0.14914790834792008,-0.20918051757693618
-0.5919447673251186,0.12681553162390186,0.16061431653613478,0.44786122011265106
-0.6758243420459943,0.07889414611038859,-0.16093886104941948,0.037829529924243745
0.8688632211996199,0.3554363171897721,0.24289695093630836,-0.1929117247237784
0.17269802611266188,-0.49357487695978897,0.21190854170512446,0.11620095499482783
-0.6825763486536011,0.1395292068977137,-0.07574231512079586,-0.16552969887862823
0.3615324231236572,0.26777395285409555,0.004843065404670931,-0.04337230261737514
-0.6870412628335538,0.1556515392019658,-0.15137280516453164,-0.41417874204671473
0.15608164656440282,-0.3417675994940991,-0.2538717070016349,-0.46227308764698655
-0.5357422137955131,0.20208546982515435,-0.18099508857275196,-0.17769948551862574
0.6787757856633252,0.016182136286888305,-0.223116329484796,-0.26944423504299825
-0.9838069748723187,-0.2605437237824913,0.3790479639427829,0.5607990261175552
0.5717330279103675,0.11259147671321384,0.04283818348970904,0.030475976803779403
0.4299046992559228,0.16737933611666844,0.0673772390769933,-0.3478069204482878
-0.6585132311591264,1.5383032683924105,-0.08652149848834995,-0.19274077468933554
0.13207343308823094,0.18940574790412854,-0.3056960376673978,0.11562408988133878
-0.5029084171395284,-0.9576206745647418,0.3375830063302913,-0.15306191766470598
-2.2017646983836046,-1.2577522003168,0.1365708559619378,0.26467883560779343
1.0356710403831806,-0.41750842442474456,0.206333629181204,0.09934258835777526
0.19858540100237773,-0.23907933881831286,-0.2729297539953628,-0.4194035048912236
0.47182804561586134,0.27040032948946446,-0.21087898816383785,0.1363873202754218
-0.5891321084741723,0.11604223640977063,-0.19729890166753078,0.18496962764197025
0.6623089254045108,0.029847271919237917,-0.2810400486798137,-0.042365286762616666
-0.6164060774981867,0.145888362473595,0.13116828874077338,0.13877577923122839
-0.3907303411970745,-1.0636695305671497,-0.8280748856273632,0.5254230233371187
0.9127874327024473,0.5703259434225356,0.21824429233488515,-0.2877253198833024
-0.5751086549475644,0.1362877940209177,0.0025079065616285395,0.3801767883055329
-0.4356393207492163,0.22315291663872097,-0.19871181495465676,-0.21895968598077187
-0.7785193442949303,0.05203234645229404,-0.07223864122562688,-0.31545718078465995
-0.6848573118303208,0.08561226398942859,-0.11930362906513747,0.05672353892476075
0.6730580704168433,0.05504051840648483,-0.1585490472030267,-0.19530679855289484
0.49603917168938777,1.2921840174740487,0.6163123041024036,-0.22787447275804995
0.8079119674665525,0.4268245139169965,-0.06484456117102229,0.056689371072259916
0.6334877310469377,0.0665677354636442,-0.11824068888746907,-0.07441479335762223
-0.004728768839170727,0.14064815222598942,-0.22110207677229232,0.07442776472213014
-0.7572447270890591,0.058736780875651984,0.08722704018049712,-0.18355347313545115
0.7374579525168348,-0.05235117302329584,-0.17200016970954,-0.12242841533766892
-0.4897159508886256,0.20739722340604366,0.2653196862830666,-0.4009709724358206
0.1089719434535146,0.2534949578874466,-0.2906318190474324,-0.13878408740122922
0.6638645357927788,-0.05208235755580559,-0.0989664653461146,-0.06053833925767295
0.7954412154148747,-0.0867514112208172,-0.13851316478434988,-0.17055384115400965
-0.7570188067348946,0.05145115228806463,0.09425784991250322,-0.187573851477265
-0.6755729714366128,0.07872397326051955,-0.13629609183353503,0.12780659654017643
-0.868423916079236,-0.3807065947390317,0.3190286654144985,0.9887143657867642
-0.7495626915116664,-0.0479799118677246,-0.334036326804259,-0.04649814721497631
-0.47808523545122744,0.16891342328191922,0.5072293307983998,0.33690510974644255
-0.9928123701533469,-0.2731574459366519,0.002002173820590843,0.058374674079603846
0.2773434452265906,-0.21712265210245815,-0.029343683216614923,0.14998010222217495
-0.6407693425662406,0.11684777860801443,0.04192189513835451,0.2760736857270233
-0.7152120475493705,0.10154762636096107,0.10211267811865295,0.060007315273126006
-0.8133691696669436,-0.047758543092990546,0.1655251925466874,0.4512424475092552
-0.05553781739251715,-0.37267551508341956,-0.015547666453541373,-0.015493763323513918
-0.723029194235056,-0.3118737240918987,-0.19422151873637786,-0.8828971737259055
0.37736798520435844,-2.3301296429242813,0.12939969861973694,-0.36805189715687986
-0.6394670600007808,0.15662159752371702,-0.09422620504591112,-0.12458935287492581
0.6578146372480713,-0.25758976858925664,0.4456616409411083,0.11874058538542653
-0.7649789319210948,-0.13044128151576467,-0.20217713052355155,-0.02811216262243233
-0.7932929176243961,-0.10707984132735421,-0.3780365246381826,-0.0517346836007327
-0.6473562570221978,0.11651773778758673,-0.012984393545842993,0.21975347303494433
-0.7714492662460687,0.060994953463680446,-0.10403357476652725,-0.21666411236635946
-0.4946944687571431,0.23795974477145726,-0.0816543954878089,-0.29940551550203254
0.3241244283755891,-1.4202789084490874,0.0226730266584715,0.870072377617152
-0.9812675293416829,-0.29456295556652884,-0.07116867398806724,-0.017376808005190307
-0.5631116268416696,0.12812628760639053,-0.23502350430224322,0.1481084222702279
-0.8692204461558584,-0.16918958350969698,-0.30952083667454544,-0.4420710673070095
0.31499408285375924,0.4355930002545875,-0.3765628219028086,-0.2801490998724792
0.5412576864136032,-0.8531798809654265,0.11263130563833172,-0.11237390691158168
0.7564502926231815,-0.014674923347482771,-0.031068336370388562,-0.19434805807920888
-0.6453072146823698,0.12991442925319163,-0.04715246389931579,0.051921799532980296
-0.6598905190012634,0.14173164307177497,0.09353831514732809,-0.189998358703592
-0.7841248818198379,0.02258320900970895,0.31494921191595104,-0.16643271319668265
0.6593921357610613,0.06047157618178978,0.4212539230478069,0.19644571172716677
-0.6192850346448919,0.06374954142746561,-0.2646143545841364,0.11837474981205157
1.8656794432477857,0.9290924704926002,0.49495874551101554,0.1404894879164548
0.675502679737396,-0.08490970547803872,-0.24568585556295072,0.15726358997535428
-0.7127000686974374,1.5691685192009794,-0.7330494866258633,1.8676157218892082
-0.6694139065676709,0.11727618545380927,-0.12702530930213554,-0.28045723611654344
0.9584201507498986,-1.2069489753788891,-0.056563973431226475,-0.5524151262741256
0.3409606773952831,0.12357790765159449,-0.07436653168513586,-0.5556988370018728
-0.36248687577719513,0.2948173446639181,0.12536768990736685,-0.3036786486989581
0.7206925275424101,-0.05766233944249438,-0.11740639753886772,0.06486110871986064
0.852117200693782,-0.340767481115109,0.03337397511628015,0.18939966092372473
0.6937462229649789,0.46531753766180706,-0.4851554393618625,0.16040384678568495
0.6544990140034148,0.13613222404431713,0.03894389427381243,-0.12359099968552269
0.5220514804601044,0.8553254401773263,0.28692481878234194,-0.3098582270264895
0.8828399015227071,0.48674368119706657,0.49781492365086155,-0.31969219828213763
-0.5311900057464805,0.18851862157047647,-0.18783370896217808,-0.2364972911280671
-0.48057331605179054,0.16723909982967058,0.4913753075505457,0.3327454882091765
0.7305294781151954,0.11758422667932117,-0.1430602749921513,-0.20892740257033376
0.748171285679043,0.21898670655083458,0.11355533482061965,0.3849099675108779
-0.5303506336154176,0.2259640052246187,0.09084168003990506,0.011902955819747842
-0.5400980055550266,0.17194101078201413,0.0944920169162145,0.42654033415239173
0.5203231150915756,0.6713755048433403,-0.5376172228203607,-0.013865235810449126
-0.6787918821898978,0.11656051950602564,0.11982897853828457,0.13622871040022308
-0.004195693716839699,-0.39105137706843274,-0.009709138977829074,-0.0934406632338402
-0.47695918777828367,-1.2036529570303736,-0.6482126592450939,0.7705166068895758
0.7474935143501142,-1.3735910085265095,-0.05015833882808728,-0.6078747637719055
2.685229913674368,-1.1903030532096721,-1.1782568009819272,0.5099024501444177
-0.46599714321799357,1.56253526815255,-0.08545952952081304,0.1678274458876747
2.705185814601071,1.999838352405016,-0.2539254923837077,-0.01596328354883938
0.7487838797174897,-0.04780375814330107,0.15243052019341047,0.06604708599046358
0.6126301871025356,-0.07198030249365686,0.11969587873403958,-0.000647946828394373
0.41018706197848875,0.1826453764009307,-0.14774307789115018,-0.10872843906095411
-0.5972741304124319,0.1801711572991628,-0.0927026001295282,-0.24390361413312675
0.7854060103579258,0.6851210023342292,0.4604125542063913,-0.17058840596946484
-0.6624943847750278,0.1256607631964096,-0.03099632149788199,-0.2527460594705621
1.5083484665666305,1.13653916436,0.2713977036425256,-0.5322932843187257
0.8355694110976284,-0.15540781209908622,-0.21063271288450935,-0.16398238759189163
0.31514397166120844,-0.14008373857337117,-0.289324374974158,-0.4541827739117706
0.5831022763067703,0.16571901280003132,0.18298766953140613,0.10137866453537352
1.5052431910510364,1.0748997202762574,-0.24186465699848433,0.43408874721198665
-0.6294389852816628,0.13628686943396714,-0.06215024303288898,-0.2990141048781628
0.818880630246952,-0.12039123111506139,-0.1170568939394987,-0.13338355259478582
0.02842544259732016,0.38774362110929117,0.0506266507663649,-0.11934160316044533
2.2983031190021768,-2.364823517409889,0.06817765924110034,0.4057051514076072
-0.5223017047832321,0.19532010572411151,0.2145257391939824,-0.23075075768023362
0.09970066441984587,0.9814385348708536,-0.2487001496409605,-0.231425271618943
-0.7739057203562343,0.05488169359758632,-0.22287032508684013,0.06138129319793452
-0.632431167993573,0.11323140121081299,-0.1731028962707029,0.0914246855774934
0.7503027974597454,-0.05672360260986625,-0.0660025961486573,0.01624226272736041
0.5124272523991666,-1.2807774169582795,0.39814552669867714,-0.6152306094071542
-0.6426360290110791,0.07147310419313285,0.4932829872648667,0.24668130126087023
-0.8088355391715021,-0.05889928371682851,0.17501452266594075,0.47065855621520947
0.7623838136345926,-0.17357139229827961,-0.23505927925389367,0.17205364535373588
-0.5385842227646092,-0.15130737100322703,0.9528787809179199,0.19468647841511127
0.9780998699388121,0.6995304138787017,0.20488485225338238,-0.20329630513985794
-0.6121429776442305,-0.7566115242170781,0.11945374965989951,0.1333816560706824
-0.43157035560493917,0.2529373407568303,0.1024314770904132,-0.240621169564605
0.5589722893098305,-0.7065404084387827,-0.18539368393318553,0.03883143035044811
0.34147630757700664,0.22945464430758852,0.00247618569189602,-0.5821573461057101
0.1784174100066321,0.12652160780952926,-0.07560120561117664,-0.18571352470298919
-0.649285231721877,0.08952641892964353,-0.1902681891048272,0.05698903692820486
-0.4954459904255999,0.14772442114239154,-0.3672351301451725,-0.33901900334643437
1.6260640397128725,0.240350909861629,-0.5347814710616056,-0.11875054370246949
0.7602987325165319,-0.06731171690940646,0.04446487565874908,0.10998950906298581
-0.9974805559838452,-0.2615776421444831,0.3682999871003243,0.540858129093659
0.4324240188376432,0.43341897843270166,-0.07652397191887887,0.12720101279241558
-0.8226403942229761,-0.03852969895470931,0.16419694337702878,0.449405633207134
0.5612235353671088,-0.7926726828213169,0.1247026493913433,-0.28093981057848444
-0.6357678340280042,0.17534246944438878,0.10717562092063983,0.1407847050568999
-0.22729335835267295,-0.930123741194016,-0.6077959135422388,0.17387751722081127
-0.7925246736322006,-0.15151720601485097,-0.37071202227775407,-0.07649188523136033
-0.5315225562793487,0.1973838779577087,-0.04074520679209873,-0.4124741162896925
0.9324103097966614,0.8260996860680643,-0.04823829506421868,0.4067769961510221
0.6927871816545792,-0.0027532869808118976,-0.1503068379717631,-0.1408258030383307
0.6998829040678824,-0.18572749118637222,0.12256438821082952,0.3809596687715229
0.00111880028264566,-0.7761940074929088,1.0042912913542328,-0.09430126984931357
2.209810110324712,-0.8499725284488205,-0.6373217633049423,0.4167566762856732
-0.7461882356949581,0.0608400414690774,0.03145920587016971,-0.0962970657763083
2.009335208943802,0.13982975767451844,-0.45097223855239704,-0.013988783236125606
0.15542334864154847,0.4986153289053985,-0.0350566269379636,0.16741310540654833
-0.6066122255042703,-0.996517800227632,-0.48268287692414275,1.0076886882196656
-0.06257568541718689,-0.4310155867458323,-0.16018387730291445,-0.6034094294020682
-0.8980637230620164,-0.1552087773519738,0.4464759258690628,0.25962620540070785
0.45265229370694515,-0.3045966709031043,-0.019032081301853264,-0.15467495005948656
0.322165954686782,-0.026997304662557287,0.029221746332895926,0.002130002040017561
0.7730818337914385,-0.3835931817168786,0.18095049194742344,0.1346498885779898
-0.6664239875983148,0.09356636335556079,-0.1816586790988751,0.030414936613183702
-0.5488665041995233,0.17672728719443764,-0.08055230414431892,-0.3299990427597313
0.8446899494203521,0.14817152919225857,0.2656798512130745,0.10037869992804006
0.7565428589776437,-0.036938568639697855,-0.04962171434449252,-0.2058697670628249
0.7310289926832994,-0.01086014733108187,0.02534522579446805,-0.07767909871472174
0.2225015661621666,-0.3017693567121178,0.09956111098774632,0.28817939474393733
0.7895934391876775,-1.3022754764628548,-0.05301335641118373,-0.3007741189592548
-0.22603732736823542,-0.9309875915258117,-0.607210469372092,0.17318727151416224
-0.679765427975932,0.12319593155671177,0.09601475402754214,-0.35118103675781787
-0.15182994468092847,-1.2192425377101164,-0.8448852302337663,0.507076253955456
-0.7636484366070369,-0.2833087125118088,0.8070397832555084,0.7896727749369084
0.7390040289777987,-0.05671588201489236,-0.07995364697664846,0.053583768950317405
-1.3216861886031044,0.4236047515088973,2.061041989911069,-1.1066662962516634
-0.570196757094023,0.1835740478069772,-0.1229193090345002,-0.20631358276874845
0.8717946078701241,-0.9498797156270862,-0.10318901725971456,-0.23492941323613767
-0.4730587172832464,0.23802098172837408,0.0251962481835502,0.11443025336602039
0.13848573699560526,0.32655439773474537,-0.3548722143462254,-0.21012527318862687
-0.7450193493312709,-0.045038143647648465,-0.08135757933367913,0.3931631872251352
0.7588472395616256,-0.12545474486648467,-0.10970994332050697,-0.09853377894028902
0.9081850875250062,0.17618997787366614,-0.19471344988942094,-0.24617881744963613
0.3989243407502243,0.18900840756158863,-0.14209428251608697,0.11773920248495176
-0.5742902099564655,0.1833711692536676,-0.09388606567974495,-0.1475907143958057
-0.7722056908614778,0.04440005200775843,-0.06814414905836846,-0.3719454450631553
-0.3654203649019538,0.26917141180948495,0.2109852018060518,-0.18883403081201874
1.9246585009306996,-0.4388369811646031,0.47310139183493016,0.6645090168211565
0.5036096173421177,1.500986517232715,0.6474570872524231,-0.6096043658228248
0.8192160509990924,0.10083987304906983,-0.05406440742404854,0.203205071792096
0.14001935144884842,0.58158677404783,-0.242062711089314,-0.3115647327781555
1.3633812000023426,0.25441364200350813,-0.7174787907509321,0.07841950936004541
-0.5929033493646527,0.16001291666932518,-0.07137552670717649,-0.32538468444932317
-0.04115660457131942,0.31788217546215847,-0.3774428229190048,0.04110554469493438
-0.4219659286873934,0.25106693791032786,0.26265258113878426,-0.2165703102276063
2.0565157633116193,0.9600037773957201,-0.6533954717525969,0.4639991030729321
0.48844646583786966,0.06179546529477467,-0.2808211372795554,0.21079768265168242
-0.5900627309999475,0.15813666870786794,-0.016629262688516555,-0.29074067721135066
-0.7249596864009064,0.006306933906077394,-0.31794093696600834,-0.2618334681272294
1.0634214832481468,-0.42962037108405904,-0.15609742010892336,0.11437123269602238
1.1894159302452907,-0.31290771475297635,0.37816711877279796,0.584612620034242
-0.7203252899887997,0.020103337643080366,-0.29280439526035074,-0.25594135350355834
-0.43904153565412307,0.23438337869389697,0.30574011982792615,-0.008037914507052536
1.3133709050933708,-0.20152225886746017,0.4016682266608706,0.4523538846087016
-0.7497306443356374,0.0831715330301046,-0.04188507505484117,-0.18878759607270248
1.873993559444451,-0.1402839694318888,0.30939966340615643,0.8577849330844528
1.7854068738161053,-0.7024391974015263,-0.5921229146517213,0.530917750079268
-0.8420475211629797,-0.023664377697692085,0.12488246753571336,0.25023471000958614
0.6844132934303734,-0.07508373308522981,-0.311166929793834,-0.10832008029881267
0.5146836449771827,0.32325255175485845,-0.10188326368834823,-0.17127718335806427
0.7357106417892514,0.04382347405675785,-0.035492373144818554,-0.011539133991270593
0.463805504992565,0.18748447717584893,-0.02307512492650073,0.02584967011256017
0.8786869344001199,0.4988896054909291,-0.06460852531863537,0.1290773072562042
-0.8698781579704327,-0.13581885354902684,-0.24916358706414418,-0.48240247139250697
-0.7605225338825758,0.04864447285487983,0.2882696869386525,-0.11999995774799187
-0.49140157817441404,-0.16570206953679348,0.9866170773843039,0.09731332776528441
-0.5102028289641043,0.2026091876271522,-0.1196013021524714,-0.010754667911193241
-0.7030677784237203,0.11536174524404738,0.15275023658047074,-0.23337587860106263
-0.7442792247461232,0.06722743319486224,0.01227383102824003,-0.062045835553366534
0.43756546266910634,0.29297785629881085,-0.1204596960919272,-0.11043021252909799
0.9350462391718932,-0.7429280775131909,0.3152214253928022,0.4499906943293878
0.673178730304283,-0.40210252209950637,-0.14850168157933202,0.15989586913096654
-0.4073003502903451,0.26365794349080357,0.11540574392581492,-0.21867061764046936
-0.9531633889685291,-0.1849975098652587,0.2105507172781161,0.35227111560092633
1.0210281606730107,0.7886623161922977,-0.3584465099353458,-1.0066383809658506
-0.7783073711292057,-0.10286100334477766,-0.4379821650514469,-0.09657684956367059
0.47919460800757935,0.17347956753250077,-0.07311508903535387,-0.09727110953813757
0.7637899128525609,0.20592970866922639,0.06831105817128114,-0.39858470339218544
0.9667939255435942,0.2987120478860365,-0.23101710130211803,0.15874976194746085
-0.19274490069136302,-0.08810752180813827,0.20771831914555858,0.24455073527571414
0.8120022444410853,-0.11444287432564881,-0.15910971029499332,-0.13221336004528333
-0.7678119469491526,0.06349703541034685,-0.10642195290679504,-0.24829473889495013
0.5603615261966599,-0.9402913907627053,0.10920780051014967,-0.22207005821736134
-0.761762587954085,0.06157328492182579,-0.017040495134691382,-0.34844769566128814
-0.9164608118875313,-0.13168252905898564,0.20873461019222014,0.41543441489851857
-0.5634552483084071,0.189709430925023,-0.14759140347284883,-0.28991302299533384
-0.5843901333504693,-0.9302830768777401,-0.7321158340825766,0.5357615807971428
-0.6155961940891884,0.14415405692533156,0.2364289529873735,0.3312061092356641
0.7307166404174344,-0.02641989532070027,-0.05262680790017286,-0.057565414980309516
0.7820777486177111,-0.5647942686956465,0.3639005102839814,0.4179727697367131
-0.9948797339684022,-0.2818772780174617,-0.00613882303759487,-0.015404462846291121
0.7579985437090132,0.2629396163341849,-0.025094683504542508,-0.10951263720596502
-0.4128763576367571,0.20914313476190655,-0.36601416234350936,-0.23652988070536146
0.5587690620835781,0.13150741369750932,0.029578219186437996,0.035386362318062164
0.7440307034691884,-0.7986507898065321,-0.33210508258660487,-0.1865572576999607
-1.0170357173079894,-0.16816339588504614,0.385748737885045,-0.14940027755067944
0.34829195984016725,0.887026462900442,0.2525522714369926,-0.2966685514792738
0.7232119693880232,-1.4833475241568304,-0.3379342683921483,-0.7171428461500103
-0.7644688198622944,0.052832006807554566,-0.12104713730269095,-0.10511944946889676
0.967331020955982,-0.15848078821528055,0.15237541321813347,-0.095363127375807
0.9381993507716602,-0.26169595616396657,0.3825510650261385,0.4505242649769859
-0.6662054342935811,0.13551754420348341,0.09747061961607167,-0.1834289372400519
-0.010548522440060382,-0.7204147109163221,1.4296751908155179,-0.08869179546634093
-0.8234480273788145,-0.0339231688752043,-0.10745244235776244,-0.010311739103873441
0.3752333141075643,-1.0475289782284276,-0.11745620253200938,-0.5277623783025842
-0.5966173684196554,0.1897126567903949,0.03402826240204021,-0.28686363220170874
0.7474349447840785,-0.07632397434905341,-0.0018005009184594734,0.12351627103987269
-0.7524768549351712,0.05576587322346438,-0.11770193600172404,-0.26070754700628973
0.8036809732498287,-0.07101745745243837,-0.21571520587804108,-0.27615003659470233
-0.6623539667735924,0.13235164690289855,-0.10180845835279165,-0.1837738619947543
-0.8420441629072764,-0.016316330440884208,-0.010592537136688772,-0.11544315753570199
-0.5769351733324644,0.1548405040284121,-0.1810157423019654,-0.20775388773242598
0.9867050598934598,-0.6643984588691351,0.304702739769094,0.47139478815724295
-0.5874885797389348,-0.9346923052448586,-0.7243230963455842,0.5471841472336784
2.587046767432031,1.0403316534204623,1.3248181353334998,0.10603959371503499
0.4500595486849976,-0.418609794220137,0.00723420337017245,0.36055075476059756
0.25552038218453943,0.20790300330915046,0.3494218799633697,-0.1945130757172958
-0.5841207238362414,0.10993001323661145,-0.20504351808155766,0.18730280968380558
0.8806026742339153,-0.059866847029281745,0.3267351775637875,0.5820798500761238
-0.597912771381637,-0.06575763452835542,-0.3011533588231206,0.44127809432210324
-0.5840928007971058,-0.9923194775233745,-0.5881751612513207,0.8350710960625654
-0.8775807810407682,-0.1926041269900028,0.613307693158065,0.18686141028855247
-0.9519912911529121,-0.4660496187956869,0.21560663686830858,0.9742675361545307
0.5331176927928724,0.07664420786433102,-0.05441080586935795,0.15856202343225234
-0.5409784656429811,0.16087326258987744,0.3845190684097177,0.4168026356685932
0.9260434522957492,-1.543149321017749,-0.2401208848174825,-0.8344479032116021
-0.435428859195797,0.25330825713280364,0.07385703344218415,-0.3828855101753153
1.416836801279483,-0.2311005084477279,0.3406880598836865,0.49302756366039474
0.4966632554323032,0.5413507580630981,-0.07349544739284804,-0.1110124201996037
-0.3101351032151102,0.2812719944701295,-0.10540328281268707,-0.09987929348641993
-0.5894370961370975,0.15938279972954217,0.10997382501483836,0.13201702224289152
-0.04195409225911685,0.06101189908313347,-0.02949723558565052,0.03998671961540326
0.6530419009299777,-0.04199858113094246,-0.10724636586403899,-0.347368843559848
-1.0155910734167437,-0.31587149016327715,0.3541956664740492,0.2340396982968675
-0.5184083196999385,0.1706827534019364,0.15827451139879042,0.3723169679388343
-0.6767316077094219,-0.9026909651293775,-0.6014482604120764,0.7039106134226328
-0.9861885188485486,-0.2712806446086347,-0.009207185098607941,-0.07194548306645153
-0.6296884890110873,0.1543826108791115,-0.12602420780617374,-0.10992602160067742
0.5486064901660673,0.029739739150510952,-0.0314880440117662,-0.2551756009306061
1.4441017804368048,0.22685159992192927,0.4607627468921036,0.4854723774670171
-0.6006187486092982,0.0677711117719334,-0.2838430891409631,0.13697781742842732
-0.6915363050223902,0.01956966732116666,-0.3705958224705385,-0.2580347349158003
0.6901014803182275,0.01956720954200597,-0.14280087574627787,-0.23598250331090384
0.40060697701387254,0.08381201691368789,-0.2394511196457388,-0.36753053447590095
-0.462857788542755,0.2659562184001527,0.08626835257931498,0.020873857781517232
-0.6268227594281155,0.14278934954523728,-0.05587493892531199,-0.28439884764339796
-0.6673774906375245,0.1365548694156605,-0.08001042929601229,-0.1665965518238053
1.5884166613494846,2.3475141380036972,0.3502419443816517,-0.3181046385899625
0.5822875832307368,0.11970154081686055,-0.13716395164932804,-0.1612947573825428
-0.7964227309815402,0.01914036769076033,-0.025325395729365617,-0.14272866449574179
0.1560878220834631,-0.04466699178235016,-0.2814287702197597,-0.5023165692785942
-0.675918063491319,0.13024828106863745,0.03724630196000463,-0.12181991791050556
0.11971204883576735,0.3444123143051041,-0.4403701122718449,-0.6091929762182225
-0.7987062883920464,0.005383657449751111,0.3348806301179599,0.1783190885077047
-0.5426293048074469,0.20924359774948104,0.16829473622112948,0.028440287314873205
0.4859958798546163,0.20928505745293097,-0.1728620761596328,0.21758933350900903
-0.7624138897697759,0.07120903071641788,0.07779604585766506,-0.0946558554001262
-0.46797446211135135,0.22729420970604072,-0.1287816857978551,-0.22190618518122301
-0.9126518369271343,-0.15568709309074452,-0.14335612940935483,-0.31042378158815753
0.3312220720508521,0.4119508304348689,-0.30938586848913024,0.48292111274839733
-0.5277422538975568,0.20376937728013755,-0.16433187779700764,-0.19559373705748048
0.6479996323801676,-0.08620531639357082,-0.06839814443777587,-0.04602548685677059
-0.8625889995910513,-0.10726697672892588,0.3500634958635354,0.5190734527874347
-0.5297821767100643,0.21358413200950005,-0.1531254700615064,-0.23662413106077743
-0.6192270712344967,0.18079149464284977,0.005417196922261711,-0.17173720465184686
0.47925759701738607,0.1793998715131525,-0.1176964733299877,0.02463615238525453
0.6856223265894407,-0.014062319259851352,-0.09126117756080716,0.08006737117767919
-0.5883779720373734,0.11263717675830057,0.13656280316252745,-0.4155523825281222
0.6339112804222442,-1.1458751065248851,0.26243335287177527,0.5957797311181101
0.577294869058807,-0.018829627819671402,-0.2090902660066852,0.025867140127313306
1.8911642926258456,0.5797938577999266,1.1912000042134305,0.09910599278459421
-0.9453032310978194,-0.16509318754224428,0.21939899406024693,0.35246092625556996
-0.3900370081569996,0.24712719215430928,-0.11924699023558595,-0.06138117881747057
0.5066457253528853,0.4691875291036153,-0.01923845392541965,0.09778514640971527
-0.7642137945168328,0.053898539504092624,-0.1200179019114334,-0.10894307431212738
1.3932246918609916,0.33422007817947663,-1.1878530766901307,0.14533328967710507
-0.6324163076588841,0.14798172478252983,-0.13882496941268654,-0.09436335337195045
0.22504057748763506,-1.250307549723967,0.05514510014916699,-0.7627194555752571
-0.7600372697271646,0.056801516893765946,-0.12555507243707073,-0.242436231771991
0.687027325498493,-1.3771429006321845,0.21210581067971912,-0.46022787784938135
0.5643693551636864,-0.2931250530221187,0.6191107262455208,-0.016947386846513937
0.4433751329815547,0.29094967521074,-0.20200590869744064,-0.2855773067512069
0.9785735148303251,0.06956475696466974,0.5401138327551493,-0.43909922414707403
0.7945025802964322,-0.3496601213729632,0.5572327966531554,0.7510860873885061
-0.4033746019123956,0.2662772506629425,0.08488954834142876,-0.16610897351209
0.5013717431862419,0.11227245822994611,0.1009538095996517,0.4503122678567988
3.1051087356959637,2.929949217822144,-1.5814393323544191,0.8948572500058282
-0.9703491998275957,-0.3295377140132248,-0.13385047250198634,0.021235881045854957
-0.841297982304239,-0.021734258996875977,-0.06279157769407055,-0.065890776717072
-0.7019354276480234,0.1213259719550932,0.0469394013424547,-0.10055050583509316
-0.5481967130844914,0.17005901543370047,-0.19496290654791687,-0.21511904919018204
-0.6096553930496923,0.1605391518235323,0.15177667244882836,0.15116987610471533
0.4004669866636563,-0.04411831120213125,-0.49586598319095404,-0.11224933644334426
0.33359092074019303,0.09595662106793922,-0.060470592743893575,-0.25933289913304985
0.6832618465133188,-0.020513741978182842,-0.05326817128296514,0.060180256802141674
-0.5526166233247658,-1.073938878344329,-0.6480919999950157,0.7503738471193724
0.7538337929240505,-0.15479708431349853,-0.1328622519108485,0.07528131644031205
0.7910835993291152,-0.35209850987387664,0.6421925106360018,0.7751622006118072
0.8263921440910833,0.6206666542535515,0.5647584641266219,0.5621430958138809
1.7434195257621532,-0.07216363882783783,0.6489789663041091,-0.7762027107378441
0.7608261532177064,-0.06515010210638938,0.07790436947257026,-0.02370950412248611
0.025676581993089975,-0.8098199473010208,1.1971813325850897,-0.4837191426452844
-0.7735125354495391,0.02250563116285126,0.08298541125964681,-0.07478794243815248
0.6972443272695419,-0.08691358347025907,-0.26111261027370075,0.10032301919992499
0.5519330184151865,-0.1559890531475853,0.6218427641201169,0.09918714408956851
-0.6947586412088428,0.10898689786220292,0.04195695179568102,-0.4065461737284242
-0.38766233863958377,0.254869265228094,-0.1170792537144969,-0.049562858008951625
-0.7922077021252983,0.1073654865493639,-0.06396744501501503,0.19740041204620187
0.06724146640167172,-1.3113322012568225,0.9036680390747288,-0.2904706417596756
-0.6387551420384375,0.14495684306160267,-0.04339318418656172,0.07071300837193643
-0.1520714142853827,-0.808131038360688,1.3323413023085255,-0.22614511464034096
-0.8449757817979889,-0.02501146992861042,-0.04707601646985701,-0.07346328623890938
0.48818457753136113,0.04431735843955309,0.043183706495671305,0.1962456908898541
0.3439710017263313,-0.05021851327379122,0.024111785000960197,0.14323305084146343
-0.6262505038564459,0.16570607981581403,0.06662066085311301,-0.03527772791032108
-0.6465813598712439,0.14182523434276095,-0.023003725956186525,0.1175029386678988
-0.6337112631607474,0.09899959601338951,-0.024698524942711415,0.44042592759685256
-0.8223652829137471,0.014014442796589699,0.05759819052435877,-0.07090933583056394
-1.0066798844650038,-0.42717594976420153,0.728686887739643,0.7227841373544549
0.2814957537438275,0.7184834286085179,-0.20994520119702542,-0.34738687247026456
-0.4731051989802891,0.14312576769135393,-0.06582449964333599,0.5301918728737436
0.8053204923140804,0.5375046574945652,-0.047164199409198346,0.6200612359576408
-0.6894780001994667,0.0016736014400512977,-0.3756334155780635,-0.22491897080391088
-0.5656933049550362,0.20021437304712714,-0.07581628875087265,-0.11459533649911241
0.597445419040736,0.08593608145103887,-0.16002409991245256,-0.20834458008668943
0.45170039468088985,-1.3122359495408182,-1.397536888218682,-0.6718323913632981
-0.4535850170758505,0.23167831342482184,-0.11195932574991849,-0.23492830390906838
1.1275312416360015,-0.771973027678575,0.22436895162852316,-0.2083956512759638
-0.6418022497889244,0.13417148723098857,-0.03500060707982125,-0.2917770212624289
0.1924973055997461,0.24202804288680624,-0.2569718771410377,-0.08973390481410724
-0.029666056085494455,-0.3153753114165066,0.0521312239282202,0.2629129283628405
-0.740362490988395,0.03801551371819062,0.25952384031770254,0.33442350806813886
-0.8326382723346468,-0.08461409079351279,0.15538059053653527,0.5235442188741718
-0.528947003542239,0.15747362709884555,-0.05523601151003855,0.3043532324603552
-0.664062794817412,0.11137979876066831,-0.038389677939070874,0.11099042241590824
-0.5882390548490701,0.18197505185112736,-0.1139283560824136,-0.0666365542239407
-0.7518595409903491,0.0024922278086492167,-0.1868313655972295,0.0936615078481069
-0.7867670566169699,-0.037315091814348444,0.4175017206135212,0.14821008370436095
0.765772775106923,0.3027328365339623,0.035327070328923446,-0.00813396531532463
-0.6148825109943058,0.15424968910444503,0.12840935720442473,0.13714012556788155
-0.6368881825617885,-0.9284387392660075,-0.6515896561847825,0.6140203516507785
0.6408835324259661,-0.7722210707679502,0.08491528348899738,-0.09786919041663251
0.6201799514834365,0.08683788243768203,-0.07489991630556005,-0.17375892009675714
-0.620764493590896,0.13308023141063838,-0.09177380095553016,-0.35612869682825105
-0.16885345267679172,0.07647735208158316,-0.18999431261918862,-0.3224834091370568
0.09905080264043326,-1.0528893668641783,0.5032942255085082,0.4990530686652161
0.7313265950988598,-1.5091949349026623,0.3103998143207257,-0.7168512585512813
1.0801725080602167,-0.034967050780553566,0.299534635797322,0.43850452455451683
0.6232182893629936,0.2952907613134432,-0.30616350231248046,-0.12111766231680787
0.5456815259014467,0.23327564460515468,-0.08273185169961442,-0.1000783386296407
1.9396899836992496,-0.3197089503953542,-0.6635096345864695,0.8667257749552928
0.8079384985338494,-0.11643108218652393,-0.1763332810368056,-0.17513199385630876
0.5539865859431121,0.06581731843181876,0.29729454261231897,0.09405812319863899
0.828730754558924,-1.6093015837783793,-0.03322421361351965,-0.7814261754960028
-0.689338866784556,0.12952182647125718,-0.06065721914065299,-0.16512903560291314
0.7346548313926824,-0.04722893456187033,0.07185017708751158,0.0838734293134392
0.5491885811684224,0.12272508758091313,0.04911593551643979,-0.35127042659218627
0.9800307049261947,-0.4446388429091511,-0.2373169540992811,-0.35398981335711466
-0.9726433353889301,-0.30782633307924234,-0.11916840452952476,0.03634330826816161
-0.5494517175730521,0.17535013181126397,0.1376634411445952,0.4129136117987061
-0.4658564305356979,0.23653756452025443,-0.0990019833567883,-0.18082841640764616
-0.7703340966459948,0.22921207494922174,-1.2306736693069542,0.8235507673894444
-0.045904422675649426,0.930290301608284,-0.031286924879905045,0.49857774875952715
0.4839298900341863,-1.1628506469557616,0.057589102784292426,-0.22842380534073264
-0.22216781920516337,-1.1267063210584483,-0.839630690187858,0.5704492732858406
0.5441175965273761,0.15419039429471873,-0.0598529083043432,-0.125109562588951
-0.783116903801623,-0.057757116895276905,0.09508374009503102,0.5805879776218575
0.6309342699973464,0.04541809104421057,-0.1760450497099042,0.015502541945904575
-0.5253893506060152,0.2067466024611381,-0.05087410708271163,-0.3149617721058067
0.988730737186292,0.7058138417491169,0.5407393606775386,0.9008433161893
0.6439736649789978,-0.034881061439937855,-0.26117409825355287,0.05056783406953182
0.22920731646728357,0.1580925971468226,0.08150600967102807,0.20841827832791043
-0.714936149415168,0.06942214684835896,0.12233197742946235,0.34571707085195874
0.018121239932009897,0.20388513718007856,-0.36427253009305943,-0.18469004219400356
-0.9661612378515881,-0.2534594668216374,0.4037486103630193,0.5909570502359413
-0.6561577590831678,0.11613966340825127,0.1677147366838921,0.3589012454669959
0.4154462578233873,0.03824960372116648,-0.46008612372736746,-0.02229067226106058
0.45576549373867103,0.21960411174382305,0.19058735440571709,0.0351873257878951
-0.4890458460110062,0.22221078428765528,0.12294895194122976,-0.41443541407059525
-0.535493161738581,0.20257510344026491,-0.13509997059029155,-0.21987424542184553
0.8220325207333319,-0.1490182445137927,-0.11058702772884843,0.06433685513622413
0.37686433223480525,-0.8706070949419439,1.1778409574175464,-0.20744044986294685
-0.6085092167258846,0.18813403321019845,-0.009542189409882475,0.10177185786445726
-0.41463861209620506,0.27626015254373887,0.06336413976192823,-0.20456849719070255
0.7281123270670392,-0.10429151832085748,-0.14781363221196836,0.06460516018228217
0.47822019598272203,0.16526850090786877,-0.04607558977542526,0.05292158023542976
-0.527133821143295,0.21484047000603768,-0.15060445071745002,-0.22933546472518967
-0.9951747769969981,-0.2829519342927472,0.04047089369910919,-0.03276618604546573
-0.5721544936382255,0.21213057896709975,0.12573744402545087,0.12295669431140911
0.6384358180167546,0.06883232538222861,-0.10681253070903475,-0.03491853701607338
-0.3861275414056503,0.2606165765868768,-0.13124252778475368,-0.1103068609787192
0.8900226710769894,0.510658952771037,0.4589285056292564,0.3358741551767056
-0.9856889179116272,-0.2739752469544931,0.369936959484785,0.5434619971312117
-0.8942698612403371,-0.12917860246724266,0.004373001300903796,0.40779327116863645
-0.6440283075888112,0.12082147665985646,-0.23468467281075092,-0.057727612698688785
0.5704024131099679,-0.02320477803243265,-0.2684104496849555,0.21148404707129828
0.18375726246297672,-0.5052019083583258,0.11223300064080333,0.17565872431863888
-0.5369529285014913,0.20188578112070996,-0.1508531811949188,-0.2361831485983785
-0.6136851291015007,0.18339256466574677,0.07807127740032432,0.06183493544483619
0.7856926697321018,-0.11782062739066229,-0.2517668693436006,-0.31621879076242665
0.6512729949368801,-0.10015786469369625,0.0767710545234883,0.11460599484997677
-0.5199772328554133,0.20599447065723853,-0.15339874074292284,-0.20369441036724986
-0.6574081317528335,0.15015402257841023,0.08856888545344828,0.07389140529849023
0.7909412661589794,-0.14336390011421188,-0.33305578237194017,-0.4520959224957041
-0.6596323383963885,0.11493856316489368,0.12305552166934706,0.1529316822108587
-0.733907552366443,0.08004577803284657,0.09994670292918831,-0.2193500311536787
0.7071711941885273,-0.029305809474079292,0.0068597196908025525,0.07108960845883347
0.765015675243507,-0.10745848582910689,0.4404001896788047,0.45420690483998816
-0.7199654620718143,0.09801429580800558,0.2141492059170515,-0.12968538158304635
-0.167800301166172,1.0236338488020122,-0.01655271104863922,0.6957771464654101
0.6844549100685129,0.0012833353523499236,-0.10777302172908292,0.016540708676263994
-0.5698782317049046,0.18577017766342854,-0.09855627408087914,-0.19502406303609085
-0.9107836151739295,-0.12198465545860948,0.19731179632493978,0.3871528851376118
-0.736530287486595,0.03954463462563779,-0.016069400687103004,-0.4206685641648607
0.45462529150304865,0.7637935383735305,-0.09451131459287818,0.32557044464826407
-0.6381604645920754,0.042756473691536734,-0.3973335789030593,-0.23617969147426732
1.2022407490690294,0.8615677544899989,-0.10053796933441433,0.1366854836186398
-0.8524029961136813,-0.06767530825676055,0.40836635083789574,0.37624869358227747
0.4032070729994739,0.07833082660633273,-0.17374798539301184,-0.1423596724847495
-0.3017638918986269,0.2853729850372916,-0.1334180492841931,-0.15776216668475573
0.7448923854124492,-0.048760071747663614,-0.15518173074059963,-0.14850123971510015
0.43844041748068574,-0.07666622611375024,0.0004339315416675782,0.21550870644144574
0.839615510946354,0.26742240890486824,-0.21456221124911937,-0.2612669254960927
-0.3062114335746974,0.2807561533733207,-0.12358828865224264,-0.1271586419457862
0.47201441174900316,0.14859797432198438,-0.19822348142326854,-0.023389868045440836
-0.7449676059654087,0.0528286099146143,0.2649387925433683,-0.17576699680918811
1.8635755880763014,2.3906497866376344,-1.1202594691560477,0.8120816351459488
0.5549068329288038,0.08628394001709694,-0.09340153407111855,-0.07364135933814735
-0.6843039112310833,0.1660328678919756,-0.009876166314948039,-0.19376043348647798
-0.15549061659760258,-0.8262813238149831,1.2311204726279914,-0.4417259993239065
0.4134171225503596,0.2077384633359921,-0.07942962568486449,-0.06802637128251766
0.6287837297290748,0.06832562950285892,-0.10051010593679885,-0.14271736228516588
0.37152584274209777,-0.18435410808725794,0.3457258048522628,0.606551984241212
0.7067163882902063,0.620288376565549,0.14969839843662341,0.26999812796532763
0.3751260880252268,1.1236260816254642,-0.0398270418106953,0.6832048460188351
0.5696669072291302,-0.06361319619895525,-0.25786084579271557,-0.19648160838172007
-0.3132235256091801,-0.19641634244254125,0.707961604809136,-0.05023315842345249
-0.5918835107152228,-0.06424911793588572,-0.3145686916403699,0.43114657248165794
-0.731100424163868,0.06217774032915374,-0.10195604424671356,-0.0346016740019009
-0.8514888014396085,-0.11648461057379295,-0.02418782484833741,0.398896547630298
-0.5116884369959873,0.21013433837287007,-0.13382927035922496,-0.17880215654962098
-0.9985454228288049,-0.2866274303953299,0.3565728507998686,0.5549737596767876
-0.6127817842648151,0.07304717182189807,-0.25859538874258226,0.15421051469403887
0.3398619156144545,-0.08080286202794687,0.26900003491892127,0.02105457259608023
0.4916285865692638,0.08057538014069149,0.04260462531503961,-0.033181468871225264
-0.5439982955489636,-1.1573981966058617,-0.616217887695088,0.8150540769191402
-0.03147842746357943,-0.9049678471826612,0.9839944870580838,-0.13551374918706655
-0.5468610364626368,0.1859376241384441,-0.12079233120893698,-0.20927036240459
0.6093702819267897,-0.025169900351505736,0.09068665863296925,0.10225928787257321
0.7555057701700856,-0.115056836757577,-0.04904107570186021,0.16961990229585922
0.7759330328518848,-0.08889787467098337,-0.11198390920625492,-0.11829154947138396
0.1671479654606522,0.10668840335318894,-0.0005019615095071582,-0.5647551883044891
0.47933576703470415,0.20927445047401275,0.084032092889816,-0.2722057910298045
0.4294413500065817,-0.4668580064202401,-0.016178430025050927,0.22232433388465217
0.7606341163987915,-0.09822023972709898,0.08348328195268599,0.037955734086093616
-0.7899037576278483,-0.0530789065472162,-0.3317943658067434,-0.07555935453282113
0.5630015159588415,0.19033308150401615,-0.10862103572906837,-0.0355100366592109
0.8334976344774163,-1.642135288220938,-0.33265040074727353,-0.5875618835963883
0.6505435676818248,0.012921067677650666,-0.268391614083677,-0.2249491269668201
-0.5204856946799411,0.1674196137875357,-0.06410136816387461,0.2664818131665273
-0.7204268083908189,0.10063834102817981,0.08439965899387272,-0.053654133400031404
0.6246586861569562,0.5029662138169261,-0.30780802729283996,-0.032348711446787914
-0.3337091453868697,0.27518533188959615,-0.1264314459964674,-0.12434716277919826
0.4172063924083317,-0.049466142343417674,0.04848683366111452,-0.11452441578909037
-0.9177931168741204,-0.1492172774429386,-0.04783227417132295,-0.16006563804234653
0.9003250784993588,-0.18011195521898632,-0.3006139261627935,0.020461009004688346
-0.6961656656311646,0.044058901342189094,-0.25058531921537824,-0.03795011347050127
0.2964884186475427,0.11915433374869452,-0.46724031579989656,-0.44936822393654613
0.699961563462749,0.6121918273043024,-0.48897604221302066,0.32108810261407505
0.5188031720600418,-0.8994935545592738,1.0663791818477324,-0.41665389820003895
-0.5592449994510033,0.6369535997287109,0.3954139799192134,0.6752196190468547
-0.5236018676453928,0.2040541706493894,-0.028204950984238572,-0.3438598732622429
0.7095277579674288,-0.07702124263343241,0.14454332818724427,-0.2575659054869615
-0.5913804757033752,0.17714237516923811,-0.12939683296124277,-0.05962504594405081
-0.0534614791758391,-0.8948054291090981,0.9400272971933638,-0.2787324768003076
0.12122386629453358,-0.8045656920137234,1.1553256612973366,-0.5558500871253137
0.7700510334568667,-0.046277062660458945,0.09542965057450059,0.18912039662869412
-0.7239080015837323,0.06941345813168892,0.3138039983380461,-0.2091877834493342
-0.7361340485660031,0.0609396329625051,0.14735987814700305,-0.3213281387313363
-0.9813952346792681,-0.2661098878262632,0.00926275701836228,-0.08299250923009668
0.547476046310577,0.07977954926754216,0.27347691255552364,0.45452368912496544
0.7610551093210078,-0.09474034228240491,-0.30644130734272645,-0.033496629409196864
0.6778790150632868,-0.06391105106778439,-0.2287444414722714,0.16117332408116183
-0.6019491912228577,0.09883850931437277,-0.054487943272662424,0.45499081847381423
0.4277039220111537,0.21803065961425136,0.0889976370134196,-0.16818560024762585
0.7355307850380803,-0.07348389602574185,-0.20141011597710998,0.17581830467087486
0.3329700873621161,-0.27186343465714524,0.6053884460066644,-0.08159041302902321
-0.6496374557566279,0.14844451362024574,0.046725182944735974,-0.22449730201366722
-0.5944935893498683,0.16426704639637274,-0.10370813310041892,-0.3753366476110299
-0.5354140553829003,-1.4424374255033097,-0.35628092010916484,0.29786348778831634
-0.979946271027176,-0.2646402653220941,0.08093703649503171,0.39443026447733787
0.6575896436797118,-0.01708307985392271,-0.1696366408314832,0.021745115839207112
-0.10562280465669394,-1.0939133363036553,-0.6148907352131028,0.8428558460222674
-0.8195624553843482,-0.05517229295263015,0.25453337823371197,0.47885699948052596
1.287020764700002,0.6062119598745437,0.2774084188653774,-0.5428961083345475
-0.36191436979704383,0.27495017945116135,0.2035362218438812,-0.2021649079944899
0.6078681012191343,0.1757478538512214,-0.2881780186515069,-0.13285243388452359
1.0118520613967823,-1.0960536038124677,-0.12505035180566895,-0.6200366445475971
-0.5213209459194184,0.1678186602180679,-0.07065410947539694,0.2718529746081977
2.4242254655449953,1.9668292946725319,-0.9451633281698668,0.523657152576732
0.8973744078231156,-0.1707087806881678,0.2670805593609634,0.014222985971178971
0.7887661009612766,-0.09784688632679372,-0.08123210505234141,-0.090088467646698
0.9889995211515822,-0.42531186475599897,0.43095205196803765,0.5267812115202808
-0.6097572314300694,0.18494962549288424,0.10313429076065794,0.08126956577538248
0.642939610368241,0.8619628832296065,-0.3263675618459271,0.3440535785290184
-0.9223655224604005,-0.15307629500726194,0.23409577195568207,0.4344582871817777
0.8042502032686285,-0.11844044639067669,-0.09475065793416716,-0.08024990687234063
-0.6783415425623742,0.08514845729459192,-0.13385692450053427,0.12649207367008497
0.735956472437993,1.1147332299618504,-0.37692915771317864,-0.0022260227223600644
-0.9887528173976053,-0.2713740004117129,0.3689450181709727,0.5414976186109961
-0.5294439123668844,0.1904488512045453,-0.1537783270714108,-0.4694255496308202
-0.6783869159427629,0.13424183217501534,-0.06994849609645386,-0.18300135722217892
0.8952786352879837,-0.5623536847685449,-0.0666791057716557,0.21689361765703416
-0.5704947204371674,0.18898020783459324,-0.14008783925936616,-0.2029603050414724
0.9143146415735035,-0.4773501768851231,0.08756396886706258,0.2757816320931833
0.9169414959054851,-1.4780000413865002,-0.2568630429413032,-0.6622201898597587
-0.7084312718820762,-0.45884533066034927,0.7142766238875301,-0.22374650872644566
0.20445294042715312,-0.9148434600027722,0.30658701295443275,0.5071730567560068
-0.41950873324613397,0.20230592123435842,-0.17509586437569416,0.13790252160242666
0.49881602394841185,0.09045943193006595,-0.18573014085044554,0.05716508573459457
0.5755106055289637,0.0038513008337157095,0.18788915689822383,0.07193459717714248
-0.7599301441806896,-0.0341785045838266,-0.24548731937688398,0.07936804434647071
-0.9770001428674288,-0.2515236620430226,0.402324481533504,0.5879125206996492
0.30152973088565505,-0.5787638472355247,-0.05294401553098701,-0.04734091575242029
-0.8302916088491875,-0.28837388723398855,0.5822027432121798,0.8602772834420703
0.9483710962241911,-0.1569835580885292,-0.542403958090617,-0.6458972138632999
0.5811748654302328,-0.18601406136219362,0.28057468886504744,0.1232709119335022
-0.9300301405945238,-0.14648623742669298,0.192555811659275,0.4308491148032807
-0.6022219555928764,0.1647746412852053,-0.05890022814509727,0.14614335291448072
0.6800182186683941,-0.156738906436119,-0.054940764109616895,0.3358718724688468
2.277759008541241,0.6754592411141784,0.12411758981965589,0.6455633119151731
0.9303159162814045,-1.4451442504421228,-0.24985427112572478,-0.6878378925813239
-0.9235295691706573,-0.19925301664148348,-0.06560878601523346,0.1281075429795558
-0.3027190862544125,0.2828556760177915,-0.10987597029518616,-0.1458097757058018
-0.7707994336121263,0.04419313330438568,-0.09567631340338956,-0.08319360532641099
-0.7149845054631763,-0.2715179592546077,-0.17605310324626647,-0.9039777886627997
0.4758653074217244,1.0234846127926072,-0.31627865650982834,0.7477495313167073
-0.5389355167780491,0.17145191543887295,0.05919242678012411,-0.3456322928386051
0.5582367939764902,0.10716023463100655,-0.21972979883172153,-0.07487460414835068
0.47369700968040274,0.38588332809687353,0.47286025310297586,0.0534231731849527
0.7112666135732121,-0.017531853633618588,0.0053820281130649485,0.11258606476078191
1.1654606815007504,0.42750809553509955,0.6867002440254735,0.5696192712615922
-0.18893663567633096,0.48047447496639006,-1.3589226675924675,0.8070926415787283
-0.696302393279121,0.12586508413067876,0.05716378122320972,-0.09978440241874306
0.8716672316823562,-0.3466340784245983,0.36384122300986016,0.4316696964967267
-0.3128814874843795,-1.0467775437701352,-0.50000197648249,0.4135013768876607
-0.8108681514479106,-0.05248746385840586,0.16630865991406668,0.45632557483339287
-0.8069690287774978,-0.01583320659563947,0.21121344956533547,0.4586864087947828
0.4683178586396972,0.16561687410225276,-0.058743989346014165,0.10620269792883634
-0.5230029889896681,0.19889674495385298,-0.059752380512927125,-0.43091317177063143
-0.8207214826332081,-0.030901147199803136,0.41402508016896417,0.08434190034570677
-0.8501101844273836,-0.08516838626308088,0.42606000837152175,0.35650801751832084
-0.9728458877837913,-0.24793051942326727,0.404194956141168,0.5925546532181547
-0.7371380233561129,-0.05140039605721597,-0.1082431735941848,0.38490988674455234
-0.6751987734874619,0.02826394877229732,-0.30139440412990254,-0.022393713081572973
-0.45362928044777046,0.24957644901450365,-0.04923840132354892,-0.330025847389698
-0.9915917742472486,-0.28016867469201423,-0.047916323089764484,-0.0080874057038775
2.1534256935731486,1.483161346159009,0.047554382138252554,0.13793655697378035
0.4684495668004348,0.19477014259839565,-0.12751210952642625,-0.062089138817767925
0.7986235276694179,-0.13676469783569511,-0.06848507033207879,-0.017824528747743984
1.9557286802710518,-1.244432878218505,2.291668695256305,0.21998199912512711
0.7694660656064647,-0.34520765224387934,0.702248805879479,0.7285550432242415
0.7321005472703058,-0.6859467622494683,-0.08016286853052146,-0.18292357049925242
-0.5025362047536387,0.22388113848219898,0.21424006921153685,-0.2726214855736751
0.9349720159870755,-0.776462171024318,0.15696476651977304,0.2693243563005152
0.5932462668277151,-1.3047005224693984,-0.03555209946042193,-0.4835614954768456
-0.5089996339319413,0.1908827299922223,-0.20184082688191207,-0.12660363402714
-0.7750668594963183,-0.023987894682598432,0.2506305280667814,0.5022460616141032
-0.7864172974296688,-0.07908020321838377,0.02794295436627546,0.6167365760181578
0.8201314940898862,-1.406684025398412,0.34229596934591344,-0.8559447283694043
0.44564634328427943,0.20217100030464538,-0.04839226567862446,-0.0209562477210918
0.7758534706044539,-0.10739394180972056,-0.037308626046960155,0.009265933206007763
0.5258102172332731,0.18485781011572805,-0.11290341252401746,-0.08335467254182878
0.9340759709888155,1.0527468215850413,0.2153587548889139,0.6122666555069913
-0.5746325650120248,0.164767898526017,-0.14694970011412217,-0.07896618768689471
0.9619761940971443,0.03446690984136508,0.23127731883493102,-0.24822839874801791
-0.6176004914367161,0.1584041882817425,0.16226806680412742,0.17736463610933972
0.3676206216492559,0.006175733504639236,-0.36334932934622743,-0.05426671960039489
0.6288906938510741,1.4181470076829055,0.050779450251070404,0.41903107456473565
-0.6417721435537624,-0.11779711453285255,-0.19392853798752666,0.2283068623128539
-0.8955116832431249,-0.13588732067839404,0.11887416764819674,-0.010314017148978238
0.5329749914882118,0.14569980159210488,-0.49744752763972455,0.04941369840196822
0.46446374341318497,0.12597844305619735,-0.13415619372748297,-0.06576143076021532
-0.6402885721382217,0.13547841528171575,-0.04410722417642047,-0.277774208137622
0.5409562950319631,0.15160618351934319,0.04245291056940252,-0.2263588811575368
-0.6064131464605389,0.114720166082008,-0.259746274996126,-0.49555632706969904
0.891625975717486,-0.3654191893028945,-0.025660444290572258,0.03390526977238454
1.0044158745863871,0.5006828693013872,-0.5113784726299551,-0.2764412413817574
0.4879995731543108,-0.45456596127199567,0.10239553840997694,0.1306595168768565
-0.6029228592032659,0.14314110981786457,-0.026111533166265275,-0.31705079561994703
0.4622250590741884,0.08265669603408438,0.10681014304016605,0.07197318985592151
1.6103197790776396,0.3011828340694933,0.012047983760317214,-0.005945875886232983
-0.6239794650328585,0.1329779775110235,-0.0893242974965777,0.24843020155966855
-0.7545465069509801,-0.04284694484057139,-0.26793416016117977,-0.0013687532580958645
0.7535744269343354,-0.0875803824145513,-0.02127769691655831,0.09779879059943052
0.5075518501102235,0.0870486765903804,0.29845466941286913,0.10353472519272802
-0.5518226357017398,-1.0448839202604223,-0.7062775316481769,0.620249114182156
0.6952192598023217,0.05042992831765203,0.15690357670756222,-0.04362291790107517
-0.717608686613777,0.07130430214404526,-0.08055448334350081,-0.3584943381240814
-0.6299217767777179,0.15277784714149947,-0.039392246387943086,0.08183097987867437
-0.6230221248858128,0.0019581560737874093,-0.2989164143138403,0.28441882819638775
0.6501234911857304,-0.058750857611533314,-0.21751518484301133,0.08911344516341245
-0.7198880337766786,0.07732547425295055,-0.07268247023476881,0.02919667753967791
-0.766146415438496,0.05566840149886659,-0.06959879806223336,-0.3451927060692021
-0.6818521223650011,0.12429054900431316,-0.11208611975223313,-0.18510022022566447
0.2039064110666258,-0.08416149095868991,-0.07949155610752047,-0.06906822670702077
-0.6645071838219526,0.08573109193194822,-0.25714287009931486,-0.2740344463836384
-0.8397673204802171,-0.11937329811284503,-0.2647843781578437,-0.033733066504881615
0.5777483456846016,0.10212289315442516,-0.10165051928674361,-0.06909303674610784
-0.870520784345161,-0.09641798540360025,0.15573163479448707,0.3665197334372476
0.6510275065877226,-0.007195436233636721,-0.06260043656999108,0.10892131483457747
1.325087348824321,0.9309572511774713,-0.0598099365710454,-0.05309407972468867
-0.804756252401414,-0.054951041666926825,0.12384403379724697,0.5619081542711184
-0.6801692744563487,0.12513862622118407,-0.011164627773502873,-0.2633359763711755
-0.5958806931512717,0.18443324263031768,0.17907254928792887,-0.2949593831367817
0.818192117691183,-0.1300217435581889,-0.11797219961835154,-0.11785968465226221
-0.6197561099105731,0.10456833217941675,0.05533063743363868,0.45084243963114995
1.294415526940722,-0.2637905304196906,0.3017699076732092,0.5163254923640276
0.47698531080769335,0.4760423263843447,0.14135252495423872,0.4407810492094795
0.6145875047823313,0.06163704477984866,-0.18521434003119935,-0.12091971895131758
-0.5946081177580059,0.16207040301259817,0.1370389630682849,0.16395201222321468
-0.43690740249525045,0.25047486378153405,0.059618328807636976,-0.376374006102096
-0.4146825495516353,0.2633844238766103,0.05418178618412237,-0.2340197133878245
-0.6284104716856628,0.14461586563496262,-0.04010318669348109,0.08158747342564933
-0.8846807470141502,-0.10769586590543145,0.08048087084852627,-0.008083870302805775
-0.7404802046723915,0.05395795399548431,0.263877323643382,-0.1887035157303343
-0.6370617789562446,0.10118209682345083,-0.17287223227355505,0.11214543057172263
-0.43594048800489227,0.22599729470639016,-0.18942790686488195,-0.23033522654576183
-1.846448204219489,-0.6116874747189103,-0.9281983735238661,0.01303855397334983
-0.448005942796288,0.2137563522557445,-0.15728955854834167,0.04975339636320376
-0.8786454298241448,-0.08755417471340121,0.3123294211777361,0.369615809557197
-0.74702091111314,0.08672740627336256,-0.03397237679749959,-0.19823533760710454
-0.8876435515253874,-0.10510538884716553,0.07340131678461112,0.3904289700920051
-0.5323165619711024,0.1891815733784768,0.044289726950486975,-0.39440254105293626
-0.7986820428765528,-0.39382834560542823,0.08844085277379635,-0.0550201440838201
-0.4552758672263444,0.2300190925095395,0.2056972793322121,-0.27743461304030675
-0.5726129817354717,0.1864837744582498,-0.09913805957737687,-0.12454428286591589
-0.7921557701674031,-0.09779359759436546,-0.38704492187415,-0.3657746289939411
0.7662153429903511,-0.06607748462838603,-0.10753448113971488,-0.17256002138719692
1.1556789726486918,0.1733344728396164,-0.22387577192073313,-0.2859761299462003
0.5230559614032911,0.0072933408806512,-0.05240130678608078,-0.12176793920884786
-0.5475672875556753,0.16516392887686984,0.10894264725024157,0.40647163609072307
-0.005829556413137427,0.16726023790861994,-0.16856179408674246,-0.501833167683592
0.9513318757761627,-0.6725026045054645,-1.6871017341631485,0.2732504160613038
-0.03193671723547614,-0.745437984507626,1.208052815806239,-0.4303342113194398
0.7739070158267594,-0.06121758110290765,-0.13769829949421494,-0.19067632017636924
-0.6439760614842553,0.04292613246552368,-0.35752036381579116,-0.1598638307093774
-1.0440829614225753,-0.460008380870072,0.6510184152498416,0.8076194446860141
-0.7606049380154791,0.05603440375852037,-0.13315524271061907,-0.30011172077879344
-0.6549730616553002,-0.0026954997829687355,-0.46052692247841875,-0.31658081048598025
-0.32886305224658885,0.9682359881390248,-0.5315410963632431,-0.32375749895723793
0.6260548460988153,-0.7056595343685981,-0.9298614752698097,-0.03136090714092547
0.7663035929017092,-0.09780603779440461,0.12290291557824458,0.17905160662140246
0.6661446698839436,-0.042569980606507074,-0.09699303058468207,0.01410165264209827
0.8503412679588659,-0.8059635757388959,0.591744723500735,-0.05188934305035575
-0.6849215050773778,0.10854386825898935,0.13910085323903792,0.12759636667881163
0.7887579057178775,-0.06771461938117884,0.007151539575098948,-0.10877245320094069
-0.01289914673079462,0.6984162894400132,-0.19512846182825558,-0.5420322264657425
-0.5226000894764345,0.19748965840251043,-0.13309841800296757,-0.17132172918055838
-0.746218016138277,0.08502126841168473,-0.008802446166421595,-0.19438863797541445
-0.660124233776811,-0.03802046218415894,-0.504888140104762,-0.2799073103551817
0.32976227996023083,0.5497237516721191,-0.7312128569547859,-0.09770839190154502
0.6973371480029076,-0.01392031784605613,-0.09903801206707319,0.012766526600803824
-0.8047243552209435,-1.2080492227140016,-0.8036788847732838,0.21528085116185572
-0.9677857003276076,-0.23009332400258647,-0.19118168587547016,-0.32382188845574267
-0.9726793237117607,-0.3253464504723662,-0.10954869110547513,0.01059640311470725
-0.7498474411882945,0.07903519605894871,-0.03545087217209196,-0.1760243562902259
-0.5708922529717448,0.18754166319238905,-0.05522677221969729,-0.2986022819480929
-0.701929982877596,1.5777980960443183,-0.657437066928621,0.15739852035007715
-0.5335702760079422,0.20771428409063697,-0.15168444864772493,-0.23195720995698196
-0.9931114366266197,-0.2674479210636398,0.36892766372229896,0.5406223067758268
0.7838102667150664,-0.15115413462330762,-0.21177961626522876,-0.002536094584136693
0.38280613644424266,0.15302277462258673,-0.18602552104335282,0.069188613418908
1.1961957853043845,0.7612533744668717,0.31699304123475963,-0.07060943791414362
-0.8092605840190148,-0.053238180402828905,0.1668650581604442,0.4530101487489238
-0.5693144094750776,0.1959155529889744,-0.07672213477374133,-0.13963657431492524
1.3417100001668605,-0.3945746604795314,-0.23787601999475552,0.2641195242735591
-0.4155928928468561,-0.41291788895960274,0.11467557867791624,-0.005755246124017896
0.7261577641345573,-0.037525276248710326,-0.14099411699436976,-0.14460330895666892
-1.041245291842325,-0.612501648502973,-0.06315819726875933,-0.07776751780685928
-0.5857702858782583,0.1604461461264444,-0.07471016195406498,0.14841093022421994
-0.741314295113364,-0.09594094844313816,-0.4260347262751599,-0.04768932040510665
-0.4021886075459117,0.27282480943510495,0.12843117862343859,-0.21376341052862297
0.6571817143567655,0.03397994785940156,0.21784730880062456,-0.009525842199763775
0.4446188538431121,-0.017483865493285122,0.13680026827538871,0.4497414621654906
-0.7631022756705725,0.06324742188853022,-0.10836771114782194,-0.265048511108478
-1.000202558098057,-0.2803046079908283,0.023830058167941957,0.07663346637959631
-0.8006262411566709,-0.11346790507353766,-0.3209766181518439,0.11084987440240893
-0.7710542265885618,0.05100781516450775,-0.06816297429998053,-0.34826952908859526
-0.10478049005655199,-0.687153530889134,1.3697976689843159,-0.05017640152389614
-0.5905028065382841,0.1496277672760002,-0.07265520608304557,-0.3337991470509225
0.5264181257100486,0.03467373631566795,-0.47624023473741806,-0.06939756020546275
-0.43920562148173903,0.21667273296834966,-0.2298422014980679,-0.3389729353959099
0.2927784369481896,-0.11434373560209085,-0.15652614128181816,-0.0562792406549174
0.4913294780023316,0.3594819887644793,-0.6262445339533154,0.3429774283403529
1.3206933717390763,0.2734299756171952,0.03982571877626504,0.07375343072341384
0.2703388948701767,0.1146215838322399,0.0652252371767165,0.14046466102078153
-0.7575252001944537,0.07670622700518054,0.08815396885428493,-0.11120188303740365
0.8240893312371211,0.11676764925271532,-0.03452573186309467,-0.04103346903152495
-0.5120261019468535,0.23386446682055595,0.08553052235965578,-0.0007984048266413742
-0.6553739989872615,0.0021372363304810182,-0.4426747899253837,-0.3196466034609816
-0.30764631227511025,0.28450010801331327,-0.11563377489865036,-0.10747558439746092
-0.34713085029801355,-0.5152608870735195,0.1420751707853448,0.30994773843150003
1.123857437260872,0.7937474207554349,0.26674721558607134,0.1744922628906355
-0.889808476883169,-0.08247061988152637,0.1898413849965532,0.408270982314018
-0.6797638345116401,0.059798425549005385,-0.30072010749087996,-0.3339243808624327
-0.9480849178356487,-0.1826550441676475,0.22124078103488304,0.3447574187153818
-0.7784845466161934,-0.021300956875235144,0.27453666416106887,0.5113383773084476
2.030618784134681,-0.9573333704664202,2.8079120494784107,0.0860208474750139
-0.7094265768913098,0.16684601863218113,0.2604273739366207,-0.2599595366234389
-0.9917987689536008,-0.2702737170811907,0.3700397676505287,0.5434141927064007
-0.5788156154398003,0.19975109629097298,0.03489697275223699,-0.04087048808440844
-0.8137345184037212,0.029422117740066533,0.13572878107885383,-0.11296509922279513
-0.8018079741913042,-0.019351831888345328,0.3579244884202706,0.05353009010945418
-0.6149775080240627,0.09390218189256061,-0.3320504767309596,-0.285102265037528
-0.6229339387582153,0.1501469268838426,0.12193820905693126,-0.27219877541698534
1.022984461214803,-1.1048218545331052,-0.10595458114454184,-0.6130595737059421
0.33129739691414295,0.4262531040651732,0.02589945160903471,0.263319934560665
-0.6502374102799022,1.8390701391134519,1.018943958328713,-0.397093391963255
0.8140609588504997,-1.4045272804222377,0.34302042931528726,-0.85707328566713
-0.02670558065982709,1.138826186291428,-0.5191836708254136,-0.218671332739422
-0.49390920203711364,-1.1040343909148953,-0.6663804637144443,0.7910960522577937
1.1050754266834835,-1.065287632066805,0.6445773002962114,0.20746610864290269
0.9369453528049161,-0.07553097562991151,0.4658342997249469,-0.4260368040282555
-0.81818978152842,-0.05054672611501371,-0.15325702257401147,0.036023286378675454
0.7177374249268751,-0.050023948739355284,-0.20567412486969827,-0.19847164181045662
1.057508879067658,1.3984458654761103,0.8079224655438504,0.8603752778418232
0.7295942113985212,-1.4736390553934777,-0.34347893624720127,-0.6957134409315645
0.8034674918062311,-0.830893243925742,1.1125256846014613,0.36947591054597284
-0.5954691566694765,0.16447420171551924,-0.11480236426240335,-0.04064731394583957
0.7981464671685229,0.7267626493580274,0.5990242651714154,-0.05975781783920539
0.5193569892904946,-0.290788007182463,0.04239879572892162,0.28708871051917584
-0.4306109308052923,0.20583071948911738,-0.1884742340906782,0.13112147265031926
-0.5211742836840358,0.2178536813516834,0.14091420877700125,-0.40506931319026557
-0.9989971846748255,-0.2800667828232857,-0.032889393311099836,-0.0037601838058223458
0.9689631638041656,-1.0240868764030024,-0.03680200192547969,-0.17946320469644725
0.6777472473639576,0.16107288402025083,0.0863554106469278,-0.0476102568110991
0.9960917625357626,0.6184954577813432,0.25033532289747035,-0.008180747801217348
-0.8298893644894998,-0.026310139770140517,0.07967097018697851,0.331064370287681
-1.9822195435489136,-0.059977421650024065,1.2607928986574732,-0.06602821878230442
0.5145585254691465,0.12688830050431704,-0.17902780238746221,-0.07854008233446068
-0.7575670956235098,0.05109419126149717,-0.13254610569744527,-0.22972024468656704
-0.7523929646769807,0.019199951943992544,-0.12652120182044133,-0.4220948236869627
-0.5844781599838997,0.10317468377463879,-0.20715078001078224,0.1899430817979902
0.043011688623263655,-0.8192578302536371,1.1993376720126752,-0.5020687385471937
-0.4830434450864901,-1.1058928981898277,-0.6714932172390313,0.7807549252489717
0.5269606634192272,0.16840416663821842,-0.11214222399448755,-0.16432505896189542
-0.7926048673947447,0.029564546089716814,0.1241950439997596,-0.10162556229884097
0.7479210370024121,-0.047345867082271564,-0.22721980585974677,-0.10455479867882968
-0.5943856783346715,1.2908595754508039,1.2356473308472637,-0.6203930336690341
0.902312830858224,-0.535358286549098,0.257610376014784,0.37803558077163274
-0.5645833446114089,0.18101573110859448,-0.1205782671068164,-0.22218563682557754
-0.47911289405356866,0.2551548988891537,0.23223713295281848,-0.21696557928636667
-0.9900418842857792,-0.26941289886956726,0.0030619991322308835,0.058772816836597734
-0.9149557831256883,-0.12610354571361732,0.11569991448460365,-0.06913372546227463
-0.6302893320429722,0.1842375581707439,0.09867441008913569,-0.14942389659352542
0.6856877655989149,-0.015267532816484297,-0.24929724336013712,-0.10821209385061532
-0.6150642166655473,0.15597652400263326,0.13818160289583406,0.12205299336819603
0.9723419429723406,-0.19866712411904758,-0.43237529974652794,0.12693544776660134
-0.6322196129702962,0.09313655270736063,-0.330722580209747,-0.4528465804059293
0.1072252642838693,0.9071827084130333,-0.17155051683056757,0.19557469866156416
-0.9239982921935357,-0.17754864306039575,-0.14218460409852016,-0.14686886474406555
0.13033882275803735,0.20822976256805012,-0.40835350248294194,-0.45059394667482594
-0.6408528874909283,0.0977949453732051,0.1889530216928759,0.5280330654155136
-0.56099465055959,0.17707991721008637,-0.17366308557518975,-0.2521858008798994
0.6800682818670687,0.02076968447883598,-0.16905865137387668,-0.17781958130323525
0.06602904118554709,3.974409986628629,0.8330629945631582,0.17715965355232405
2.3499663940253606,1.7170117692164109,-0.9769621856052988,-0.2997397636482666
-0.6043718395529529,0.1628160218080397,0.10720023965438703,0.12061624193794346
1.6246071539650575,0.08077281177880558,0.2258484441492832,0.4630787362708573
-0.648062022346012,0.1310156502732858,-0.16096377787338825,-0.10270445597657599
0.8081461773767494,-0.26084650830701983,-0.20902402043697665,0.017981424560435496
-0.6639278741892704,0.10443170612220345,-0.16830349699939953,0.06692094953680826
0.3378621782029007,0.4762334525109682,-0.08648427572941543,0.0546175515364899
-0.8487882279083698,-0.030130502046689434,-0.0029613855783704787,-0.02435846440942402
-0.4120697339904311,0.2742217490487621,0.07195721632528382,-0.20067446996463745
